Supplementary Data 1. AlphaFold3 based prediction of flg22 recognition for Arabidopsis FLS2,,,,,,,,,,,,,,,,,,,,,,,,,,,,,
plant_species,receptor,ligand_name,ligand_sequence,Known_outcome,Source,avg_ligand_fls2_iptm,avg_ligand_coreceptor_iptm,avg_ligand_pae_min_fls2,avg_ligand_pae_min_coreceptor,sum_of_chain_pair_iptm,sum_of_chain_pair_pae_min,Rep1 iptm,Rep1 ptm,Rep2 iptm,Rep2 ptm,Rep3 iptm,Rep3 ptm,Rep1 ligand_fls2_iptm,Rep1 ligand_coreceptor_iptm,Rep1 ligand_pae_min_fls2,Rep1 ligand_pae_min_coreceptor,Rep2 ligand_fls2_iptm,Rep2 ligand_coreceptor_iptm,Rep2 ligand_pae_min_fls2,Rep2 ligand_pae_min_coreceptor,Rep3 ligand_fls2_iptm,Rep3 ligand_coreceptor_iptm,Rep3 ligand_pae_min_fls2,Rep3 ligand_pae_min_coreceptor
Arabidopsis thaliana,AtFLS2,Colaianni_1,TRLSSGLKINSAKDDAAGLQIA,Perception,"Colaianni et al., 2021",0.886666667,0.673333333,2.02,2.206666667,1.56,4.226666667,0.9,0.89,0.91,0.89,0.9,0.88,0.87,0.64,2.33,2.5,0.88,0.68,1.92,2.13,0.91,0.7,1.81,1.99
Arabidopsis thaliana,AtFLS2,Colaianni_2,ERLSTGKRINSAKDDAAGLAIA,Perception,"Colaianni et al., 2021",0.893333333,0.673333333,2.176666667,2.376666667,1.566666667,4.553333333,0.9,0.89,0.9,0.88,0.91,0.89,0.9,0.68,1.99,2.15,0.88,0.66,2.48,2.7,0.9,0.68,2.06,2.28
Arabidopsis thaliana,AtFLS2,Colaianni_3,ERLSSGKRINSAKDDAAGMAIA,Perception,"Colaianni et al., 2021",0.89,0.67,2.103333333,2.326666667,1.56,4.43,0.9,0.89,0.91,0.89,0.91,0.89,0.89,0.68,2.08,2.36,0.88,0.66,2.33,2.38,0.9,0.67,1.9,2.24
Arabidopsis thaliana,AtFLS2,Colaianni_4,ARLSSGKRINSAKDDAAGLAIA,Perception,"Colaianni et al., 2021",0.88,0.66,2.29,2.54,1.54,4.83,0.9,0.89,0.91,0.89,0.9,0.89,0.88,0.65,2.48,2.71,0.88,0.66,2.31,2.47,0.88,0.67,2.08,2.44
Arabidopsis thaliana,AtFLS2,Colaianni_5,QRLGSGMRINSAKDDAAGLAIS,Perception,"Colaianni et al., 2021",0.876666667,0.643333333,2.203333333,2.616666667,1.52,4.82,0.9,0.88,0.89,0.88,0.9,0.89,0.88,0.65,2.19,2.51,0.87,0.62,2.41,2.94,0.88,0.66,2.01,2.4
Arabidopsis thaliana,AtFLS2,Colaianni_6,ERLSSGMKINSAKDDAAGLAIS,Perception,"Colaianni et al., 2021",0.886666667,0.653333333,2.103333333,2.433333333,1.54,4.536666667,0.9,0.89,0.9,0.89,0.91,0.89,0.88,0.64,2.2,2.53,0.89,0.65,2.23,2.55,0.89,0.67,1.88,2.22
Arabidopsis thaliana,AtFLS2,Colaianni_7,ERLSSGMRINSAKDDAAGLAIS,Perception,"Colaianni et al., 2021",0.88,0.643333333,2.203333333,2.556666667,1.523333333,4.76,0.9,0.88,0.9,0.89,0.9,0.89,0.88,0.65,2.21,2.49,0.88,0.64,2.23,2.54,0.88,0.64,2.17,2.64
Arabidopsis thaliana,AtFLS2,Colaianni_8,QRLSTGLRVNSAKDDAAAYAVA,Perception,"Colaianni et al., 2021",0.836666667,0.57,3.673333333,4.516666667,1.406666667,8.19,0.86,0.87,0.9,0.88,0.89,0.88,0.8,0.52,4.38,5.86,0.86,0.6,3.23,3.72,0.85,0.59,3.41,3.97
Arabidopsis thaliana,AtFLS2,Colaianni_9,TRLSSGLRINSAKDDAAGLQIA,Perception,"Colaianni et al., 2021",0.9,0.693333333,2.016666667,2.23,1.593333333,4.246666667,0.91,0.89,0.9,0.89,0.91,0.89,0.9,0.69,2.1,2.29,0.9,0.7,1.91,2.12,0.9,0.69,2.04,2.28
Arabidopsis thaliana,AtFLS2,Colaianni_10,TRLSSGKRINSAADDAAGLAIS,Perception,"Colaianni et al., 2021",0.856666667,0.633333333,2.733333333,2.866666667,1.49,5.6,0.91,0.89,0.91,0.89,0.91,0.89,0.86,0.64,2.67,2.86,0.86,0.63,2.55,2.73,0.85,0.63,2.98,3.01
Arabidopsis thaliana,AtFLS2,Colaianni_11,ERLSSGMRINSAKDDAAGQAIA,Perception,"Colaianni et al., 2021",0.87,0.643333333,2.45,2.706666667,1.513333333,5.156666667,0.9,0.89,0.9,0.89,0.9,0.89,0.87,0.64,2.31,2.58,0.87,0.64,2.47,2.69,0.87,0.65,2.57,2.85
Arabidopsis thaliana,AtFLS2,Colaianni_12,QRLSTGLRVNSAQDDAAAYAVA,Perception,"Colaianni et al., 2021",0.85,0.593333333,3.273333333,3.9,1.443333333,7.173333333,0.89,0.88,0.9,0.88,0.9,0.88,0.84,0.58,3.49,4.25,0.85,0.6,3.27,3.76,0.86,0.6,3.06,3.69
Arabidopsis thaliana,AtFLS2,Colaianni_13,QRLSSGLRINTAKDDAAGLAIS,Perception,"Colaianni et al., 2021",0.896666667,0.666666667,2.23,2.616666667,1.563333333,4.846666667,0.91,0.88,0.9,0.88,0.9,0.88,0.9,0.68,2.29,2.52,0.9,0.66,2.15,2.69,0.89,0.66,2.25,2.64
Arabidopsis thaliana,AtFLS2,Colaianni_14,TRLSTGFRINSAMDDAAGLQIA,Perception,"Colaianni et al., 2021",0.883333333,0.68,1.933333333,2.05,1.563333333,3.983333333,0.91,0.89,0.91,0.89,0.9,0.89,0.88,0.67,1.98,2.08,0.88,0.68,1.97,2.07,0.89,0.69,1.85,2
Arabidopsis thaliana,AtFLS2,Colaianni_15,QRLSSGLRINSAKDDAAGQAIA,Perception,"Colaianni et al., 2021",0.9,0.676666667,2.126666667,2.33,1.576666667,4.456666667,0.9,0.89,0.91,0.88,0.9,0.89,0.9,0.68,2.04,2.39,0.91,0.68,1.98,2.17,0.89,0.67,2.36,2.43
Arabidopsis thaliana,AtFLS2,Colaianni_16,ERLSSGNRINSAKDDAAGLAIS,Perception,"Colaianni et al., 2021",0.893333333,0.666666667,1.92,2.256666667,1.56,4.176666667,0.91,0.88,0.9,0.88,0.91,0.89,0.9,0.67,1.99,2.23,0.88,0.64,2.06,2.57,0.9,0.69,1.71,1.97
Arabidopsis thaliana,AtFLS2,Colaianni_17,QRLSSGLKINSAKDDAAGLQIS,Perception,"Colaianni et al., 2021",0.91,0.7,1.85,2.016666667,1.61,3.866666667,0.91,0.89,0.9,0.89,0.91,0.89,0.91,0.71,1.75,1.85,0.91,0.68,2.05,2.29,0.91,0.71,1.75,1.91
Arabidopsis thaliana,AtFLS2,Colaianni_18,QRLSSGLRVNSAKDDAAGLAIA,Perception,"Colaianni et al., 2021",0.893333333,0.666666667,2.126666667,2.46,1.56,4.586666667,0.9,0.88,0.9,0.88,0.9,0.88,0.9,0.68,1.94,2.23,0.89,0.66,2.25,2.51,0.89,0.66,2.19,2.64
Arabidopsis thaliana,AtFLS2,Colaianni_19,QRLGTGFRINSAADDAAGLQIA,Perception,"Colaianni et al., 2021",0.893333333,0.686666667,1.793333333,1.94,1.58,3.733333333,0.91,0.89,0.91,0.89,0.91,0.89,0.89,0.68,1.93,2.03,0.9,0.7,1.6,1.71,0.89,0.68,1.85,2.08
Arabidopsis thaliana,AtFLS2,Colaianni_20,SRLSSGMRINSAKDDAAGLAIS,Perception,"Colaianni et al., 2021",0.863333333,0.643333333,2.293333333,2.633333333,1.506666667,4.926666667,0.9,0.88,0.91,0.89,0.9,0.89,0.87,0.64,2.34,2.77,0.86,0.65,2.05,2.41,0.86,0.64,2.49,2.72
Arabidopsis thaliana,AtFLS2,Colaianni_21,TRLSSGLKINSAKDDAAGMQIA,Perception,"Colaianni et al., 2021",0.896666667,0.683333333,1.87,2.016666667,1.58,3.886666667,0.91,0.89,0.91,0.89,0.91,0.89,0.9,0.68,1.86,2.06,0.92,0.71,1.75,1.93,0.87,0.66,2,2.06
Arabidopsis thaliana,AtFLS2,Colaianni_22,ARLSSGARIGGASDDPAGQALA,Perception,"Colaianni et al., 2021",0.86,0.603333333,3.206666667,3.866666667,1.463333333,7.073333333,0.9,0.88,0.89,0.88,0.9,0.88,0.86,0.61,3.19,3.82,0.85,0.59,3.36,4.01,0.87,0.61,3.07,3.77
Arabidopsis thaliana,AtFLS2,Colaianni_23,ARLSSGTSIASAADDPAGQAIT,Perception,"Colaianni et al., 2021",0.893333333,0.67,2.356666667,2.4,1.563333333,4.756666667,0.91,0.89,0.91,0.89,0.91,0.89,0.9,0.68,2.2,2.19,0.89,0.66,2.55,2.59,0.89,0.67,2.32,2.42
Arabidopsis thaliana,AtFLS2,Colaianni_24,TRLSSGLKINSAKADAAGLQIA,No perception,"Colaianni et al., 2021",0.826666667,0.62,3.51,2.876666667,1.446666667,6.386666667,0.91,0.89,0.9,0.89,0.9,0.89,0.88,0.66,3.04,2.44,0.8,0.6,3.77,3.08,0.8,0.6,3.72,3.11
Arabidopsis thaliana,AtFLS2,Colaianni_25,NRISTGMKVSSAKDNGAIFAIA,No perception,"Colaianni et al., 2021",0.62,0.36,6.99,9.746666667,0.98,16.73666667,0.89,0.88,0.87,0.87,0.85,0.87,0.65,0.4,6.38,7.52,0.68,0.39,6.4,10.14,0.53,0.29,8.19,11.58
Arabidopsis thaliana,AtFLS2,Colaianni_26,NRISTGLKVSSAKDNGAIFAIA,No perception,"Colaianni et al., 2021",0.563333333,0.33,9.21,9.233333333,0.893333333,18.44333333,0.85,0.87,0.86,0.88,0.86,0.87,0.55,0.32,10.34,9.67,0.58,0.35,8.03,8.5,0.56,0.32,9.26,9.53
Arabidopsis thaliana,AtFLS2,Colaianni_27,SRISTGQKVSSAADNAAYWSIA,No perception,"Colaianni et al., 2021",0.623333333,0.386666667,7.24,8.12,1.01,15.36,0.85,0.87,0.88,0.88,0.83,0.87,0.66,0.41,5.67,7.59,0.66,0.45,6.02,5.8,0.55,0.3,10.03,10.97
Arabidopsis thaliana,AtFLS2,Colaianni_28,QRINTGKKISNAKDNGAIWSMA,No perception,"Colaianni et al., 2021",0.556666667,0.303333333,9.756666667,10.34333333,0.86,20.1,0.84,0.87,0.86,0.87,0.86,0.87,0.52,0.28,10.7,11.98,0.58,0.32,8.72,8.46,0.57,0.31,9.85,10.59
Arabidopsis thaliana,AtFLS2,Colaianni_29,QRINTGKKVGNAKDNGAIWAMA,No perception,"Colaianni et al., 2021",0.456666667,0.253333333,12.60333333,12.08666667,0.71,24.69,0.82,0.86,0.84,0.87,0.84,0.87,0.39,0.24,14.31,11.82,0.52,0.27,10.97,12.46,0.46,0.25,12.53,11.98
Arabidopsis thaliana,AtFLS2,Colaianni_30,SRINTGLKVASTKDDSASYTIA,No perception,"Colaianni et al., 2021",0.786666667,0.553333333,3.273333333,3.446666667,1.34,6.72,0.9,0.89,0.88,0.88,0.89,0.88,0.81,0.57,3.19,3.16,0.76,0.53,3.35,3.76,0.79,0.56,3.28,3.42
Arabidopsis thaliana,AtFLS2,Colaianni_31,QRINTGKKVGNAKDNGAIWAIA,No perception,"Colaianni et al., 2021",0.476666667,0.263333333,13.14666667,11.42666667,0.74,24.57333333,0.85,0.87,0.81,0.86,0.84,0.86,0.6,0.33,9.13,10.41,0.4,0.24,15.36,11.69,0.43,0.22,14.95,12.18
Arabidopsis thaliana,AtFLS2,Colaianni_32,SRINTGLAISSAKDNAAVWSIA,No perception,"Colaianni et al., 2021",0.573333333,0.346666667,7.876666667,9.96,0.92,17.83666667,0.84,0.87,0.87,0.88,0.87,0.88,0.59,0.34,6.82,10.63,0.59,0.37,7.66,9.16,0.54,0.33,9.15,10.09
Arabidopsis thaliana,AtFLS2,Colaianni_33,GRISTGYRVATASDNAAYWSIA,No perception,"Colaianni et al., 2021",0.65,0.39,7.153333333,9.203333333,1.04,16.35666667,0.83,0.87,0.89,0.88,0.88,0.88,0.61,0.35,7.48,10.21,0.7,0.44,6.45,7.64,0.64,0.38,7.53,9.76
Arabidopsis thaliana,AtFLS2,Colaianni_34,DRISSGLKVGSASDNAAYWSIA,No perception,"Colaianni et al., 2021",0.606666667,0.36,8.433333333,10.35,0.966666667,18.78333333,0.87,0.87,0.86,0.87,0.86,0.88,0.61,0.35,8.58,10.65,0.61,0.37,8.56,10.22,0.6,0.36,8.16,10.18
Arabidopsis thaliana,AtFLS2,Colaianni_35,SRINTGLNVSSTKDDSASYTIA,No perception,"Colaianni et al., 2021",0.633333333,0.4,6.973333333,7.566666667,1.033333333,14.54,0.85,0.87,0.9,0.89,0.84,0.87,0.56,0.34,8.09,8.52,0.78,0.56,3.25,3.27,0.56,0.3,9.58,10.91
Arabidopsis thaliana,AtFLS2,Colaianni_36,QQVSSGKRVETAADDATYWSFA,No perception,"Colaianni et al., 2021",0.44,0.25,12.90333333,11.66666667,0.69,24.57,0.83,0.86,0.81,0.85,0.84,0.86,0.47,0.23,12.95,11.98,0.43,0.26,13.62,10.74,0.42,0.26,12.14,12.28
Arabidopsis thaliana,AtFLS2,Colaianni_37,ERISSGYRVQTAADNAAYWSIA,No perception,"Colaianni et al., 2021",0.533333333,0.3,9.516666667,10.09333333,0.833333333,19.61,0.83,0.87,0.85,0.87,0.86,0.87,0.51,0.28,9.66,9.98,0.55,0.31,9.52,10.33,0.54,0.31,9.37,9.97
Arabidopsis thaliana,AtFLS2,Colaianni_38,DRVSSGQRVGEASDNAAYWSIA,No perception,"Colaianni et al., 2021",0.556666667,0.313333333,8.623333333,10.57,0.87,19.19333333,0.78,0.85,0.83,0.86,0.86,0.87,0.55,0.32,8.59,11.7,0.55,0.3,8.88,9.79,0.57,0.32,8.4,10.22
Arabidopsis thaliana,AtFLS2,Colaianni_39,SRINTGLDVNSTKDDSARYTIA,No perception,"Colaianni et al., 2021",0.763333333,0.566666667,3.956666667,3.266666667,1.33,7.223333333,0.89,0.89,0.89,0.88,0.9,0.89,0.79,0.59,3.92,3.3,0.73,0.54,4.51,3.51,0.77,0.57,3.44,2.99
Arabidopsis thaliana,AtFLS2,Colaianni_40,GRISTGLKVGSASDNAAYWSIA,No perception,"Colaianni et al., 2021",0.566666667,0.313333333,9.156666667,9.54,0.88,18.69666667,0.86,0.88,0.83,0.87,0.87,0.87,0.6,0.33,8.74,9.3,0.52,0.29,9.75,10.57,0.58,0.32,8.98,8.75
Arabidopsis thaliana,AtFLS2,Colaianni_41,QRINTGKKISTAKDNGAIWATA,No perception,"Colaianni et al., 2021",0.503333333,0.26,11.3,11.63666667,0.763333333,22.93666667,0.82,0.87,0.83,0.86,0.83,0.86,0.52,0.27,10.42,11.17,0.46,0.24,13.31,11.91,0.53,0.27,10.17,11.83
Arabidopsis thaliana,AtFLS2,Colaianni_42,GRISSGLRVGSASDNAAYWSIA,No perception,"Colaianni et al., 2021",0.566666667,0.313333333,9.326666667,10.58,0.88,19.90666667,0.84,0.87,0.88,0.88,0.85,0.86,0.55,0.29,10.01,11.27,0.59,0.35,8.81,9.25,0.56,0.3,9.16,11.22
Arabidopsis thaliana,AtFLS2,Colaianni_43,GQVSSGLRIESADDNAAYWSIA,No perception,"Colaianni et al., 2021",0.51,0.306666667,10.89666667,10.22,0.816666667,21.11666667,0.83,0.86,0.87,0.88,0.84,0.87,0.46,0.27,13.57,11.11,0.61,0.38,7.21,8.81,0.46,0.27,11.91,10.74
Arabidopsis thaliana,AtFLS2,Colaianni_44,DRIATGQRVAQASDNAAYWSIA,No perception,"Colaianni et al., 2021",0.626666667,0.353333333,7.506666667,9.683333333,0.98,17.19,0.77,0.86,0.86,0.87,0.88,0.88,0.56,0.27,8.78,12.19,0.68,0.41,6.65,8.19,0.64,0.38,7.09,8.67
Arabidopsis thaliana,AtFLS2,Colaianni_45,SRISTGYRVNDASDNAAYWSIA,No perception,"Colaianni et al., 2021",0.683333333,0.393333333,5.893333333,9.776666667,1.076666667,15.67,0.86,0.87,0.84,0.87,0.83,0.87,0.7,0.41,5.66,9.15,0.68,0.38,5.64,10.65,0.67,0.39,6.38,9.53
Arabidopsis thaliana,AtFLS2,Colaianni_46,KQISTGLRVEKAADNAAYWSIA,No perception,"Colaianni et al., 2021",0.58,0.323333333,7.17,9.563333333,0.903333333,16.73333333,0.83,0.86,0.83,0.86,0.81,0.86,0.59,0.34,7.33,9.07,0.54,0.29,8.79,10.8,0.61,0.34,5.39,8.82
Arabidopsis thaliana,AtFLS2,Colaianni_47,SRVSSGMRVKTASDNAAYWSIA,No perception,"Colaianni et al., 2021",0.68,0.413333333,5.486666667,8.36,1.093333333,13.84666667,0.88,0.89,0.85,0.87,0.89,0.88,0.67,0.43,5.45,7.56,0.7,0.39,5.09,9.27,0.67,0.42,5.92,8.25
Arabidopsis thaliana,AtFLS2,Colaianni_48,NRISSGYRVETAADNAAYWSIA,No perception,"Colaianni et al., 2021",0.543333333,0.3,9.386666667,11.16,0.843333333,20.54666667,0.86,0.87,0.82,0.86,0.85,0.86,0.57,0.33,8.14,10.29,0.52,0.28,10.28,11.18,0.54,0.29,9.74,12.01
Arabidopsis thaliana,AtFLS2,Colaianni_49,DRISSGYRVQTAADNAAYWSIA,No perception,"Colaianni et al., 2021",0.526666667,0.3,8.683333333,10.10333333,0.826666667,18.78666667,0.85,0.88,0.82,0.86,0.84,0.86,0.53,0.31,8.46,9.47,0.52,0.29,9.09,10.73,0.53,0.3,8.5,10.11
Arabidopsis thaliana,AtFLS2,Colaianni_50,ERISSGLRVGTAADNAAYWSIA,No perception,"Colaianni et al., 2021",0.656666667,0.443333333,6.276666667,6.706666667,1.1,12.98333333,0.87,0.88,0.89,0.89,0.89,0.88,0.55,0.3,8.33,10.89,0.67,0.46,6.4,5.94,0.75,0.57,4.1,3.29
Arabidopsis thaliana,AtFLS2,Colaianni_51,NRISTGLRISEASDNASYWSIA,No perception,"Colaianni et al., 2021",0.583333333,0.34,8.5,9.986666667,0.923333333,18.48666667,0.87,0.88,0.87,0.88,0.83,0.86,0.61,0.37,7.73,9.46,0.57,0.35,8.74,9.99,0.57,0.3,9.03,10.51
Arabidopsis thaliana,AtFLS2,Colaianni_52,DRISSGYRVGNASDNAAYWSIA,No perception,"Colaianni et al., 2021",0.576666667,0.323333333,8.273333333,11.29333333,0.9,19.56666667,0.85,0.87,0.86,0.88,0.8,0.85,0.54,0.3,9.04,11.81,0.59,0.35,8.67,10.98,0.6,0.32,7.11,11.09
Arabidopsis thaliana,AtFLS2,Colaianni_53,QRINTGKKVGTAKDNGAIWAMA,No perception,"Colaianni et al., 2021",0.443333333,0.253333333,12.6,11.57666667,0.696666667,24.17666667,0.83,0.86,0.74,0.85,0.81,0.86,0.49,0.24,11.24,11.49,0.41,0.28,13.83,10.6,0.43,0.24,12.73,12.64
Arabidopsis thaliana,AtFLS2,Colaianni_54,ARVSSGMRVQTAADNAAYWSIA,No perception,"Colaianni et al., 2021",0.67,0.433333333,6.043333333,6.363333333,1.103333333,12.40666667,0.87,0.87,0.89,0.88,0.88,0.88,0.61,0.34,7.16,9.18,0.7,0.49,5.53,4.75,0.7,0.47,5.44,5.16
Arabidopsis thaliana,AtFLS2,Colaianni_55,GRVSSGLRVETAADNAAYWSIA,No perception,"Colaianni et al., 2021",0.583333333,0.346666667,7.296666667,9.266666667,0.93,16.56333333,0.87,0.87,0.87,0.88,0.86,0.87,0.54,0.32,7.94,8.56,0.65,0.4,5.46,8.35,0.56,0.32,8.49,10.89
Arabidopsis thaliana,AtFLS2,Colaianni_56,NRINTGKSVSSAKDNGSIWAIA,No perception,"Colaianni et al., 2021",0.566666667,0.316666667,9.863333333,10.99,0.883333333,20.85333333,0.87,0.87,0.84,0.86,0.86,0.87,0.57,0.32,9.61,10.87,0.57,0.32,9.5,11.09,0.56,0.31,10.48,11.01
Arabidopsis thaliana,AtFLS2,Colaianni_57,NRVSTGQRVSTASDNAAYWSIA,No perception,"Colaianni et al., 2021",0.573333333,0.336666667,8.783333333,9.906666667,0.91,18.69,0.89,0.88,0.85,0.86,0.85,0.87,0.68,0.44,6.39,7.49,0.5,0.27,11.02,11,0.54,0.3,8.94,11.23
Arabidopsis thaliana,AtFLS2,Colaianni_58,NRVSTGLKVGSAKDNGAIYAIA,No perception,"Colaianni et al., 2021",0.496666667,0.29,10.85,10.67,0.786666667,21.52,0.85,0.87,0.87,0.88,0.82,0.86,0.5,0.3,10.97,10.31,0.53,0.33,8.87,8.73,0.46,0.24,12.71,12.97
Arabidopsis thaliana,AtFLS2,Colaianni_59,DVITTGMRISEAADNAAYWSIA,No perception,"Colaianni et al., 2021",0.536666667,0.313333333,8.946666667,10.21666667,0.85,19.16333333,0.83,0.86,0.86,0.87,0.85,0.87,0.58,0.32,8.08,10.99,0.48,0.3,8.09,9.18,0.55,0.32,10.67,10.48
Arabidopsis thaliana,AtFLS2,Colaianni_60,QITSSGLKIGKAADNAGYWSTA,No perception,"Colaianni et al., 2021",0.61,0.343333333,6.786666667,9.273333333,0.953333333,16.06,0.82,0.86,0.87,0.87,0.8,0.86,0.57,0.3,8.07,10.82,0.6,0.35,7.24,9.1,0.66,0.38,5.05,7.9
Arabidopsis thaliana,AtFLS2,Colaianni_61,DVISTGLKIAGASDNAAYWAIA,No perception,"Colaianni et al., 2021",0.51,0.303333333,9.81,9.326666667,0.813333333,19.13666667,0.87,0.87,0.83,0.87,0.86,0.87,0.49,0.26,10.8,11.18,0.47,0.26,12.39,10.71,0.57,0.39,6.24,6.09
Arabidopsis thaliana,AtFLS2,Colaianni_62,GQVSTGLRISEASHNAAYWSIA,No perception,"Colaianni et al., 2021",0.333333333,0.173333333,16.84,15.16333333,0.506666667,32.00333333,0.63,0.82,0.68,0.83,0.82,0.86,0.32,0.13,17.15,17.64,0.3,0.16,18.26,15.99,0.38,0.23,15.11,11.86
Arabidopsis thaliana,AtFLS2,Colaianni_63,ARVSSGYRVETAADNAAYWSIS,No perception,"Colaianni et al., 2021",0.453333333,0.246666667,11.03666667,11.36,0.7,22.39666667,0.85,0.86,0.79,0.85,0.83,0.86,0.48,0.27,10.7,10.77,0.42,0.21,12.16,12.24,0.46,0.26,10.25,11.07
Arabidopsis thaliana,AtFLS2,Colaianni_64,NRVSTGQRVSNASDNAAYWSIA,No perception,"Colaianni et al., 2021",0.55,0.303333333,8.866666667,10.63,0.853333333,19.49666667,0.77,0.86,0.84,0.87,0.87,0.88,0.54,0.27,8.76,11.18,0.48,0.25,11.01,11.9,0.63,0.39,6.83,8.81
Arabidopsis thaliana,AtFLS2,Colaianni_65,AMVSSGYRISTATDNAAYWSIS,No perception,"Colaianni et al., 2021",0.48,0.253333333,10.26666667,11.30666667,0.733333333,21.57333333,0.86,0.87,0.8,0.86,0.84,0.86,0.53,0.3,8.86,10.07,0.42,0.2,11.97,12.32,0.49,0.26,9.97,11.53
Arabidopsis thaliana,AtFLS2,Colaianni_66,NRISTGLKIGEAKDNAAYWAIS,No perception,"Colaianni et al., 2021",0.553333333,0.31,9.593333333,10.73,0.863333333,20.32333333,0.84,0.87,0.87,0.87,0.85,0.87,0.55,0.3,9.95,11.1,0.56,0.32,9.33,9.78,0.55,0.31,9.5,11.31
Arabidopsis thaliana,AtFLS2,Colaianni_67,SRVNTGLKVQGARDNAAVWAVA,No perception,"Colaianni et al., 2021",0.54,0.28,7.813333333,13.09333333,0.82,20.90666667,0.84,0.86,0.85,0.87,0.79,0.86,0.6,0.33,6.71,10.3,0.5,0.26,8.78,14.15,0.52,0.25,7.95,14.83
Arabidopsis thaliana,AtFLS2,Colaianni_68,GQLNSGLRIQTAADNAAYWSIS,No perception,"Colaianni et al., 2021",0.53,0.296666667,9.006666667,10.31333333,0.826666667,19.32,0.84,0.87,0.84,0.87,0.84,0.87,0.58,0.32,7.74,9.66,0.61,0.35,6.52,9.38,0.4,0.22,12.76,11.9
Arabidopsis thaliana,AtFLS2,Colaianni_69,GRVSSGLKVGVAADNAAYWSIA,No perception,"Colaianni et al., 2021",0.7,0.456666667,4.993333333,6.026666667,1.156666667,11.02,0.89,0.89,0.88,0.88,0.88,0.88,0.72,0.51,4.53,3.86,0.69,0.42,5.87,7.23,0.69,0.44,4.58,6.99
Arabidopsis thaliana,AtFLS2,Colaianni_70,NRVSSGYKVSQASDNVAYWSIS,No perception,"Colaianni et al., 2021",0.6,0.366666667,5.68,8.21,0.966666667,13.89,0.87,0.88,0.85,0.87,0.85,0.87,0.64,0.39,5.45,8.67,0.52,0.3,7.33,9.76,0.64,0.41,4.26,6.2
Arabidopsis thaliana,AtFLS2,Colaianni_71,DRVSSGEKVGKAADNVAYWSIS,No perception,"Colaianni et al., 2021",0.493333333,0.26,9.723333333,11.64,0.753333333,21.36333333,0.78,0.85,0.82,0.86,0.82,0.87,0.48,0.23,9.33,13.08,0.48,0.25,10.42,11.48,0.52,0.3,9.42,10.36
Arabidopsis thaliana,AtFLS2,Colaianni_72,SSVSSGLRVGQASDNVAYWSIS,No perception,"Colaianni et al., 2021",0.736666667,0.48,3.873333333,5.87,1.216666667,9.743333333,0.88,0.87,0.88,0.88,0.9,0.89,0.73,0.45,3.91,6.84,0.71,0.44,4.11,7.59,0.77,0.55,3.6,3.18
Arabidopsis thaliana,AtFLS2,Colaianni_73,NTVSTGLKVSSAKDNVAYWSIS,No perception,"Colaianni et al., 2021",0.75,0.486666667,3.7,5.22,1.236666667,8.92,0.88,0.88,0.88,0.88,0.89,0.88,0.75,0.47,3.72,6.22,0.73,0.47,4.15,5.4,0.77,0.52,3.23,4.04
Arabidopsis thaliana,AtFLS2,Colaianni_74,RQVSTGLRVERASDNGAYWAIS,No perception,"Colaianni et al., 2021",0.433333333,0.256666667,11.85666667,11.99666667,0.69,23.85333333,0.77,0.85,0.81,0.85,0.78,0.85,0.4,0.2,11.58,12.24,0.47,0.3,10.61,11.58,0.43,0.27,13.38,12.17
Arabidopsis thaliana,AtFLS2,Colaianni_75,GEVSSGLRVQNAQDNAAYWSIA,No perception,"Colaianni et al., 2021",0.75,0.49,4.19,5.37,1.24,9.56,0.82,0.86,0.88,0.88,0.9,0.89,0.69,0.38,5.48,8.99,0.75,0.5,4.03,4.27,0.81,0.59,3.06,2.85
Arabidopsis thaliana,AtFLS2,Colaianni_76,QRLSTGLRVEQAADNAAYWSIA,No perception,"Colaianni et al., 2021",0.763333333,0.513333333,4.53,5.39,1.276666667,9.92,0.89,0.88,0.85,0.86,0.9,0.88,0.82,0.59,3.22,3.44,0.65,0.36,7.22,9.51,0.82,0.59,3.15,3.22
Arabidopsis thaliana,AtFLS2,Colaianni_77,GNVSSGYRVAEAKDNAAYWSIA,No perception,"Colaianni et al., 2021",0.483333333,0.27,9.24,10.02666667,0.753333333,19.26666667,0.84,0.87,0.86,0.88,0.85,0.87,0.5,0.27,10.05,10.48,0.53,0.32,7.16,8.8,0.42,0.22,10.51,10.8
Arabidopsis thaliana,AtFLS2,Colaianni_78,NHVATGLRVATAADNAAYWSIA,No perception,"Colaianni et al., 2021",0.483333333,0.26,10.79333333,12.5,0.743333333,23.29333333,0.85,0.87,0.85,0.87,0.81,0.86,0.47,0.24,11.56,12.26,0.6,0.33,6.99,10.61,0.38,0.21,13.83,14.63
Arabidopsis thaliana,AtFLS2,Colaianni_79,DRVSSGLRVGEASDNAAYWSIA,No perception,"Colaianni et al., 2021",0.67,0.39,5.406666667,7.99,1.06,13.39666667,0.85,0.87,0.83,0.87,0.84,0.87,0.58,0.36,8.09,9.4,0.72,0.4,3.6,7.47,0.71,0.41,4.53,7.1
Arabidopsis thaliana,AtFLS2,Colaianni_80,SRINTGLKVASTKDDSASYTIA,No perception,"Colaianni et al., 2021",0.786666667,0.563333333,3.3,3.43,1.35,6.73,0.89,0.89,0.89,0.88,0.89,0.88,0.8,0.58,3.06,3.15,0.79,0.56,3.24,3.44,0.77,0.55,3.6,3.7
Arabidopsis thaliana,AtFLS2,Colaianni_81,GRISTGLSVASTKDDSSSYVIA,No perception,"Colaianni et al., 2021",0.74,0.373333333,3.996666667,10.2,1.113333333,14.19666667,0.88,0.88,0.53,0.75,0.9,0.89,0.72,0.49,4.36,4.7,0.71,0.06,3.69,22.07,0.79,0.57,3.94,3.83
Arabidopsis thaliana,AtFLS2,Colaianni_82,SRINTGLNVSSTKDDSASYTIA,No perception,"Colaianni et al., 2021",0.646666667,0.43,6.396666667,6.61,1.076666667,13.00666667,0.89,0.88,0.85,0.88,0.88,0.89,0.77,0.55,3.41,3.41,0.5,0.27,10.73,11.89,0.67,0.47,5.05,4.53
Arabidopsis thaliana,AtFLS2,Colaianni_83,SRINSGLNVASTKDDSAAFTIA,No perception,"Colaianni et al., 2021",0.73,0.526666667,4.463333333,3.923333333,1.256666667,8.386666667,0.89,0.88,0.89,0.88,0.89,0.88,0.77,0.55,3.74,3.54,0.64,0.47,5.73,4.81,0.78,0.56,3.92,3.42
Arabidopsis thaliana,AtFLS2,Chen_1,ERLSSGLRINSAKDDAAGLQIS,Perception,"Chen et al., 2021",0.906666667,0.693333333,1.966666667,2.03,1.6,3.996666667,0.91,0.89,0.9,0.89,0.91,0.89,0.91,0.69,1.99,2.12,0.91,0.7,1.9,2.01,0.9,0.69,2.01,1.96
Arabidopsis thaliana,AtFLS2,Chen_2,QRLSSGLRINSAKDDAAGLAIA,Perception,"Chen et al., 2021",0.893333333,0.676666667,2.066666667,2.343333333,1.57,4.41,0.9,0.89,0.91,0.89,0.9,0.89,0.9,0.68,2.12,2.37,0.9,0.69,1.97,2.28,0.88,0.66,2.11,2.38
Arabidopsis thaliana,AtFLS2,Chen_3,NRISTGKRVNSASDNAAYWSIA,No perception,"Chen et al., 2021",0.583333333,0.32,8.543333333,10.26333333,0.903333333,18.80666667,0.85,0.87,0.82,0.86,0.87,0.87,0.59,0.34,8.39,9.57,0.59,0.3,8.12,10.71,0.57,0.32,9.12,10.51
Arabidopsis thaliana,AtFLS2,Chen_4,RRLSSGLRINTAADDAAGLAIR,No perception,"Chen et al., 2021",0.85,0.606666667,2.606666667,3.273333333,1.456666667,5.88,0.9,0.88,0.9,0.89,0.9,0.88,0.85,0.61,2.52,3.09,0.84,0.59,2.77,3.53,0.86,0.62,2.53,3.2
Arabidopsis thaliana,AtFLS2,Paeflg22,QRLSTGSRINSAKDDAAGLQIA,Perception,This study,0.896666667,0.663333333,2.193333333,2.563333333,1.56,4.756666667,0.91,0.89,0.9,0.89,0.9,0.89,0.91,0.68,2.04,2.21,0.88,0.64,2.29,2.64,0.9,0.67,2.25,2.84
Arabidopsis thaliana,AtFLS2,Atuflg22,SRVSSGLRVKSASDNAAYWSIA,No perception,This study,0.653333333,0.403333333,5.203333333,6.996666667,1.056666667,12.2,0.83,0.86,0.87,0.88,0.87,0.88,0.69,0.39,4.83,8.62,0.61,0.42,5.86,4.13,0.66,0.4,4.92,8.24
Arabidopsis thaliana,AtFLS2,Rrhflg22,QQVTSGFRVGSASDDPTYWSMA,No perception,This study,0.476666667,0.276666667,9.996666667,9.873333333,0.753333333,19.87,0.86,0.87,0.8,0.86,0.83,0.86,0.52,0.32,8.81,7.94,0.46,0.25,9.64,10.01,0.45,0.26,11.54,11.67
Arabidopsis thaliana,AtFLS2,Rso_1flg22,QRLSTGLRVNSAQDDSAAYAAS,No perception,"Wei et al., 2020",0.78,0.45,3.98,8.536666667,1.23,12.51666667,0.85,0.87,0.85,0.87,0.86,0.87,0.79,0.46,3.88,8.74,0.77,0.44,4.05,8.62,0.78,0.45,4.01,8.25
Arabidopsis thaliana,AtFLS2,Rso_2flg22,QRLSTGMRVNSAQDDAAAYASA,No perception,"This study, Helft et al., 2016",0.73,0.316666667,4.67,11.69666667,1.046666667,16.36666667,0.83,0.86,0.84,0.87,0.56,0.81,0.73,0.38,4.85,10.73,0.74,0.41,4.39,9.81,0.72,0.16,4.77,14.55
Arabidopsis thaliana,AtFLS2,Ddiflg22,ERLSSGLAINSAKDNAAGSGIV,No perception,This study,0.843333333,0.59,3.486666667,4.01,1.433333333,7.496666667,0.89,0.88,0.89,0.88,0.9,0.88,0.85,0.59,3.47,3.78,0.83,0.58,3.63,4.5,0.85,0.6,3.36,3.75
Arabidopsis thaliana,AtFLS2,Eamflg22,ERLSSGSRITSSKEDAAGQAIS,No perception,"Helft et al., 2016",0.863333333,0.643333333,3.11,3.116666667,1.506666667,6.226666667,0.9,0.88,0.9,0.88,0.9,0.88,0.86,0.64,3.29,3.27,0.87,0.64,3.03,3.05,0.86,0.65,3.01,3.03
Arabidopsis thaliana,AtFLS2,Pviflg22,SRLSSGLKVQNARDNVGVLSTI,No perception,This study,0.796666667,0.553333333,2.663333333,3.74,1.35,6.403333333,0.9,0.88,0.89,0.88,0.9,0.88,0.8,0.57,2.59,3.6,0.78,0.53,2.87,3.84,0.81,0.56,2.53,3.78
Arabidopsis thaliana,AtFLS2,Xfrflg22,QQLSSGKRITSFSVDAAGGAIA,No perception,This study,0.363333333,0.166666667,14.68333333,15.01,0.53,29.69333333,0.69,0.84,0.77,0.84,0.72,0.84,0.42,0.18,13.24,14.72,0.39,0.18,13.76,13.98,0.28,0.14,17.05,16.33
Arabidopsis thaliana,AtFLS2,Xorflg22,QQLSSGKRITSFAVDAAGGAIA,No perception,"Helft et al., 2016",0.6,0.356666667,8.4,9.806666667,0.956666667,18.20666667,0.88,0.88,0.87,0.87,0.83,0.87,0.68,0.43,6.75,7.52,0.59,0.36,8.37,9.4,0.53,0.28,10.08,12.5