Supplementary Data 1. AlphaFold3 based prediction of flg22 recognition,,,,,,,,,,,,,,,,,,,,,,,,,,,,,,,,,
plant_species,receptor,receptor_identifier,ligand_name,ligand_sequence,Known_outcome,Source,avg_ligand_fls2_iptm,avg_ligand_coreceptor_iptm,avg_ligand_pae_min_fls2,avg_ligand_pae_min_coreceptor,sum_of_chain_pair_iptm,sum_of_chain_pair_pae_min,Rep1 iptm,Rep1 ptm,Rep2 iptm,Rep2 ptm,Rep3 iptm,Rep3 ptm,Rep1 ligand_fls2_iptm,Rep1 ligand_coreceptor_iptm,Rep1 ligand_pae_min_fls2,Rep1 ligand_pae_min_coreceptor,Rep2 ligand_fls2_iptm,Rep2 ligand_coreceptor_iptm,Rep2 ligand_pae_min_fls2,Rep2 ligand_pae_min_coreceptor,Rep3 ligand_fls2_iptm,Rep3 ligand_coreceptor_iptm,Rep3 ligand_pae_min_fls2,Rep3 ligand_pae_min_coreceptor,,,
Nicotiana benthamiana,NbFLS2-1,Niben101Scf03455,Paeflg22,QRLSTGSRINSAKDDAAGLQIA,Perception,This study,0.853333333,0.316666667,2.226666667,10.42666667,1.17,12.65333333,0.66,0.8,0.9,0.89,0.64,0.77,0.81,0.18,2.25,13.32,0.91,0.67,2.07,1.96,0.84,0.1,2.36,16,,,
Nicotiana benthamiana,NbFLS2-1,Niben101Scf03455,Atuflg22,SRVSSGLRVKSASDNAAYWSIA,No perception,This study,0.783333333,0.33,2.956666667,10.57333333,1.113333333,13.53,0.77,0.86,0.86,0.88,0.58,0.79,0.81,0.37,2.44,9.09,0.78,0.5,3.43,5.05,0.76,0.12,3,17.58,,,
Nicotiana benthamiana,NbFLS2-1,Niben101Scf03455,Rrhflg22,QQVTSGFRVGSASDDPTYWSMA,No perception,This study,0.733333333,0.123333333,3.07,16.3,0.856666667,19.37,0.67,0.79,0.59,0.77,0.54,0.81,0.84,0.13,1.66,15.17,0.74,0.09,3.51,19.16,0.62,0.15,4.04,14.57,,,
Nicotiana benthamiana,NbFLS2-1,Niben101Scf03455,Rso_1flg22,QRLSTGLRVNSAQDDSAAYAAS,No perception,This study,0.746666667,0.366666667,3.4,10.63,1.113333333,14.03,0.55,0.77,0.88,0.89,0.87,0.89,0.71,0.07,4.06,23.05,0.77,0.52,3.14,4.46,0.76,0.51,3,4.38,,,
Nicotiana benthamiana,NbFLS2-1,Niben101Scf03455,Rso_2flg22,QRLSTGMRVNSAQDDAAAYASA,No perception,This study,0.726666667,0.373333333,3.533333333,9.493333333,1.1,13.02666667,0.74,0.86,0.63,0.83,0.87,0.89,0.75,0.39,3.4,9.87,0.71,0.24,3.75,13.48,0.72,0.49,3.45,5.13,,,
Nicotiana benthamiana,NbFLS2-1,Niben101Scf03455,Ddiflg22,ERLSSGLAINSAKDNAAGSGIV,No perception,This study,0.59,0.156666667,6.173333333,16.83,0.746666667,23.00333333,0.44,0.79,0.35,0.77,0.74,0.84,0.59,0.1,6.35,17.38,0.52,0.1,7.23,21.43,0.66,0.27,4.94,11.68,,,
Nicotiana benthamiana,NbFLS2-1,Niben101Scf03455,Eamflg22,ERLSSGSRITSSKEDAAGQAIS,No perception,This study,0.786666667,0.453333333,3.016666667,6.483333333,1.24,9.5,0.87,0.89,0.9,0.9,0.55,0.8,0.77,0.57,2.62,2.96,0.85,0.64,2.69,2.25,0.74,0.15,3.74,14.24,,,
Nicotiana benthamiana,NbFLS2-1,Niben101Scf03455,Pviflg22,SRLSSGLKVQNARDNVGVLSTI,No perception,This study,0.83,0.366666667,1.963333333,8.15,1.196666667,10.11333333,0.71,0.81,0.73,0.84,0.88,0.89,0.84,0.22,1.74,11.22,0.82,0.34,1.76,8.07,0.83,0.54,2.39,5.16,,,
Nicotiana benthamiana,NbFLS2-1,Niben101Scf03455,Xfrflg22,QQLSSGKRITSFSVDAAGGAIA,No perception,This study,0.53,0.226666667,8.433333333,15.37666667,0.756666667,23.81,0.49,0.8,0.53,0.81,0.83,0.87,0.54,0.11,6.45,19.78,0.55,0.22,7.87,16.68,0.5,0.35,10.98,9.67,,,
Nicotiana benthamiana,NbFLS2-1,Niben101Scf03455,Xorflg22,QQLSSGKRITSFAVDAAGGAIA,No perception,This study,0.31,0.093333333,17.59666667,21.21,0.403333333,38.80666667,0.37,0.78,0.71,0.85,0.33,0.77,0.32,0.05,17.31,26.04,0.25,0.13,18.93,16.17,0.36,0.1,16.55,21.42,,,
Vitis riparia,FLS2XL,PQ283347,Paeflg22,QRLSTGSRINSAKDDAAGLQIA,Perception,This study,0.91,0.69,1.713333333,2.083333333,1.6,3.796666667,0.9,0.9,0.9,0.89,0.9,0.9,0.91,0.7,1.65,1.98,0.9,0.67,1.96,2.26,0.92,0.7,1.53,2.01,,,
Vitis riparia,FLS2XL,PQ283347,Atuflg22,SRVSSGLRVKSASDNAAYWSIA,Perception,This study,0.85,0.636666667,2.18,2.366666667,1.486666667,4.546666667,0.9,0.9,0.89,0.89,0.89,0.89,0.85,0.64,2.05,2.22,0.85,0.64,2.33,2.4,0.85,0.63,2.16,2.48,,,
Vitis riparia,FLS2XL,PQ283347,Rrhflg22,QQVTSGFRVGSASDDPTYWSMA,Perception,This study,0.746666667,0.53,3.913333333,4.41,1.276666667,8.323333333,0.84,0.88,0.89,0.89,0.88,0.89,0.65,0.42,6.17,7.21,0.82,0.6,2.64,2.97,0.77,0.57,2.93,3.05,,,
Vitis riparia,FLS2XL,PQ283347,Rso_1flg22,QRLSTGLRVNSAQDDSAAYAAS,No perception,This study,0.83,0.45,2.293333333,9.13,1.28,11.42333333,0.82,0.88,0.72,0.85,0.79,0.87,0.82,0.48,2.5,8.3,0.84,0.4,2.28,10.4,0.83,0.47,2.1,8.69,,,
Vitis riparia,FLS2XL,PQ283347,Rso_2flg22,QRLSTGMRVNSAQDDAAAYASA,No perception,This study,0.83,0.546666667,2.386666667,6.35,1.376666667,8.736666667,0.86,0.88,0.88,0.89,0.88,0.89,0.8,0.52,2.94,8.07,0.84,0.57,2.19,5.57,0.85,0.55,2.03,5.41,,,
Vitis riparia,FLS2XL,PQ283347,Ddiflg22,ERLSSGLAINSAKDNAAGSGIV,No perception,This study,0.803333333,0.586666667,3.4,3.816666667,1.39,7.216666667,0.89,0.9,0.89,0.9,0.9,0.9,0.79,0.58,2.88,3.27,0.78,0.56,4.54,4.85,0.84,0.62,2.78,3.33,,,
Vitis riparia,FLS2XL,PQ283347,Eamflg22,ERLSSGSRITSSKEDAAGQAIS,Perception,This study,0.853333333,0.6,3.36,3.643333333,1.453333333,7.003333333,0.88,0.89,0.89,0.89,0.88,0.89,0.86,0.6,3.19,3.67,0.84,0.6,3.85,3.85,0.86,0.6,3.04,3.41,,,
Vitis riparia,FLS2XL,PQ283347,Pviflg22,SRLSSGLKVQNARDNVGVLSTI,No perception,This study,0.87,0.573333333,2.426666667,4.746666667,1.443333333,7.173333333,0.9,0.89,0.88,0.89,0.9,0.9,0.87,0.58,2.53,4.93,0.86,0.54,2.51,5,0.88,0.6,2.24,4.31,,,
Vitis riparia,FLS2XL,PQ283347,Xfrflg22,QQLSSGKRITSFSVDAAGGAIA,No perception,This study,0.723333333,0.493333333,6.11,6.376666667,1.216666667,12.48666667,0.87,0.89,0.89,0.89,0.87,0.89,0.73,0.49,5.73,6.55,0.74,0.5,5.72,6.26,0.7,0.49,6.88,6.32,,,
Vitis riparia,FLS2XL,PQ283347,Xorflg22,QQLSSGKRITSFAVDAAGGAIA,No perception,This study,0.51,0.27,11.36666667,14.23333333,0.78,25.6,0.86,0.89,0.86,0.89,0.48,0.8,0.52,0.34,12.1,9.99,0.6,0.37,8.75,10.07,0.41,0.1,13.25,22.64,,,
Quercus variabilis,QvFLS2,UTN00789.1,Paeflg22,QRLSTGSRINSAKDDAAGLQIA,Perception,This study,0.863333333,0.596666667,1.646666667,3.95,1.46,5.596666667,0.91,0.89,0.9,0.88,0.86,0.87,0.88,0.67,1.68,2.3,0.87,0.62,1.64,3.32,0.84,0.5,1.62,6.23,,,
Quercus variabilis,QvFLS2,UTN00789.1,Atuflg22,SRVSSGLRVKSASDNAAYWSIA,Perception,This study,0.773333333,0.493333333,2.92,6.6,1.266666667,9.52,0.9,0.89,0.89,0.88,0.89,0.89,0.8,0.52,2.51,6.14,0.77,0.48,3.06,6.12,0.75,0.48,3.19,7.54,,,
Quercus variabilis,QvFLS2,UTN00789.1,Rrhflg22,QQVTSGFRVGSASDDPTYWSMA,No perception,This study,0.77,0.513333333,2.836666667,5.97,1.283333333,8.806666667,0.87,0.88,0.88,0.88,0.87,0.87,0.77,0.52,2.97,5.98,0.77,0.53,3.14,5.3,0.77,0.49,2.4,6.63,,,
Quercus variabilis,QvFLS2,UTN00789.1,Rso_1flg22,QRLSTGLRVNSAQDDSAAYAAS,Perception,This study,0.77,0.466666667,1.863333333,6.013333333,1.236666667,7.876666667,0.85,0.88,0.88,0.88,0.87,0.88,0.76,0.46,1.87,6.17,0.77,0.47,2.01,5.98,0.78,0.47,1.71,5.89,,,
Quercus variabilis,QvFLS2,UTN00789.1,Rso_2flg22,QRLSTGMRVNSAQDDAAAYASA,Perception,This study,0.79,0.473333333,1.696666667,5.82,1.263333333,7.516666667,0.86,0.87,0.86,0.87,0.86,0.87,0.79,0.46,1.69,5.73,0.79,0.48,1.66,5.99,0.79,0.48,1.74,5.74,,,
Quercus variabilis,QvFLS2,UTN00789.1,Ddiflg22,ERLSSGLAINSAKDNAAGSGIV,Perception,This study,0.773333333,0.493333333,2.833333333,6.113333333,1.266666667,8.946666667,0.89,0.88,0.87,0.87,0.89,0.89,0.77,0.49,2.81,5.89,0.77,0.48,2.96,6.45,0.78,0.51,2.73,6,,,
Quercus variabilis,QvFLS2,UTN00789.1,Eamflg22,ERLSSGSRITSSKEDAAGQAIS,No perception,This study,0.716666667,0.533333333,4.333333333,4.36,1.25,8.693333333,0.9,0.89,0.89,0.88,0.9,0.89,0.74,0.56,3.52,3.49,0.65,0.46,5.97,6.49,0.76,0.58,3.51,3.1,,,
Quercus variabilis,QvFLS2,UTN00789.1,Pviflg22,SRLSSGLKVQNARDNVGVLSTI,Perception,This study,0.823333333,0.506666667,1.68,4.456666667,1.33,6.136666667,0.9,0.88,0.88,0.88,0.89,0.88,0.8,0.48,1.9,4.49,0.85,0.54,1.41,4.39,0.82,0.5,1.73,4.49,,,
Quercus variabilis,QvFLS2,UTN00789.1,Xfrflg22,QQLSSGKRITSFSVDAAGGAIA,No perception,This study,0.603333333,0.416666667,8.566666667,9.056666667,1.02,17.62333333,0.84,0.87,0.86,0.88,0.89,0.88,0.48,0.26,12.02,12.37,0.62,0.39,7.09,9.77,0.71,0.6,6.59,5.03,,,
Quercus variabilis,QvFLS2,UTN00789.1,Xorflg22,QQLSSGKRITSFAVDAAGGAIA,No perception,This study,0.416666667,0.223333333,13.46333333,15.47666667,0.64,28.94,0.83,0.87,0.85,0.87,0.83,0.87,0.41,0.22,13.43,16.02,0.42,0.23,13.36,14.85,0.42,0.22,13.6,15.56,,,
Trachelospermum jasminoides,TjFLS2,UTN00804.1,Paeflg22,QRLSTGSRINSAKDDAAGLQIA,Perception,This study,0.78,0.286666667,1.873333333,8.556666667,1.066666667,10.43,0.68,0.8,0.71,0.82,0.84,0.88,0.77,0.17,1.92,11.74,0.77,0.27,1.86,8.4,0.8,0.42,1.84,5.53,,,
Trachelospermum jasminoides,TjFLS2,UTN00804.1,Atuflg22,SRVSSGLRVKSASDNAAYWSIA,Perception,This study,0.823333333,0.58,2.263333333,2.956666667,1.403333333,5.22,0.89,0.89,0.86,0.89,0.89,0.89,0.78,0.57,2.91,2.7,0.89,0.57,1.55,3.73,0.8,0.6,2.33,2.44,,,
Trachelospermum jasminoides,TjFLS2,UTN00804.1,Rrhflg22,QQVTSGFRVGSASDDPTYWSMA,Perception,This study,0.723333333,0.366666667,3.76,9.086666667,1.09,12.84666667,0.88,0.89,0.53,0.75,0.84,0.87,0.78,0.54,3.26,3.66,0.66,0.08,4.14,18.73,0.73,0.48,3.88,4.87,,,
Trachelospermum jasminoides,TjFLS2,UTN00804.1,Rso_1flg22,QRLSTGLRVNSAQDDSAAYAAS,Perception,This study,0.82,0.503333333,1.95,5.92,1.323333333,7.87,0.68,0.83,0.89,0.89,0.87,0.89,0.77,0.3,2.51,10.5,0.86,0.62,1.64,3.45,0.83,0.59,1.7,3.81,,,
Trachelospermum jasminoides,TjFLS2,UTN00804.1,Rso_2flg22,QRLSTGMRVNSAQDDAAAYASA,Perception,This study,0.813333333,0.55,1.803333333,3.843333333,1.363333333,5.646666667,0.87,0.89,0.86,0.88,0.89,0.9,0.81,0.57,1.74,3.51,0.81,0.48,1.86,4.7,0.82,0.6,1.81,3.32,,,
Trachelospermum jasminoides,TjFLS2,UTN00804.1,Ddiflg22,ERLSSGLAINSAKDNAAGSGIV,Perception,This study,0.793333333,0.446666667,2.57,6.49,1.24,9.06,0.89,0.88,0.61,0.8,0.88,0.89,0.82,0.59,2.15,3.41,0.74,0.16,3.31,12.51,0.82,0.59,2.25,3.55,,,
Trachelospermum jasminoides,TjFLS2,UTN00804.1,Eamflg22,ERLSSGSRITSSKEDAAGQAIS,No perception,This study,0.783333333,0.58,3.32,3.493333333,1.363333333,6.813333333,0.9,0.89,0.89,0.89,0.89,0.89,0.82,0.62,2.61,2.7,0.79,0.58,3.35,3.76,0.74,0.54,4,4.02,,,
Trachelospermum jasminoides,TjFLS2,UTN00804.1,Pviflg22,SRLSSGLKVQNARDNVGVLSTI,No perception,This study,0.76,0.453333333,2.75,5.99,1.213333333,8.74,0.88,0.89,0.88,0.89,0.81,0.87,0.77,0.49,2.64,5.57,0.76,0.5,3.12,5.86,0.75,0.37,2.49,6.54,,,
Trachelospermum jasminoides,TjFLS2,UTN00804.1,Xfrflg22,QQLSSGKRITSFSVDAAGGAIA,No perception,This study,0.366666667,0.163333333,15.07,16.19666667,0.53,31.26666667,0.81,0.87,0.78,0.86,0.79,0.86,0.41,0.18,13.61,17.07,0.32,0.15,16.34,15.83,0.37,0.16,15.26,15.69,,,
Trachelospermum jasminoides,TjFLS2,UTN00804.1,Xorflg22,QQLSSGKRITSFAVDAAGGAIA,No perception,This study,0.376666667,0.13,15.42666667,19.32666667,0.506666667,34.75333333,0.77,0.86,0.32,0.77,0.83,0.87,0.32,0.14,17.48,17.02,0.42,0.05,13.14,25.19,0.39,0.2,15.66,15.77,,,
Humulus lupulus,HlFLS2, XP_062096069.1,Paeflg22,QRLSTGSRINSAKDDAAGLQIA,Perception,This study,0.443333333,0.23,14.06333333,13.36,0.673333333,27.42333333,0.82,0.87,0.77,0.86,0.77,0.87,0.43,0.21,14.2,15.46,0.48,0.21,12.81,13.71,0.42,0.27,15.18,10.91,,,
Humulus lupulus,HlFLS2, XP_062096069.1,Atuflg22,SRVSSGLRVKSASDNAAYWSIA,No perception,This study,0.686666667,0.396666667,6.006666667,12.33666667,1.083333333,18.34333333,0.83,0.86,0.84,0.87,0.89,0.89,0.42,0.15,12.77,25.36,0.75,0.38,3.47,9.45,0.89,0.66,1.78,2.2,,,
Humulus lupulus,HlFLS2, XP_062096069.1,Rrhflg22,QQVTSGFRVGSASDDPTYWSMA,No perception,This study,0.506666667,0.22,7.636666667,14.97,0.726666667,22.60666667,0.84,0.87,0.75,0.85,0.78,0.87,0.56,0.28,7.2,13.6,0.44,0.14,7.39,17.44,0.52,0.24,8.32,13.87,,,
Humulus lupulus,HlFLS2, XP_062096069.1,Rso_1flg22,QRLSTGLRVNSAQDDSAAYAAS,No perception,This study,0.433333333,0.196666667,13.22333333,15.78,0.63,29.00333333,0.82,0.87,0.82,0.86,0.83,0.88,0.39,0.17,15.56,16.68,0.42,0.18,13.03,15.24,0.49,0.24,11.08,15.42,,,
Humulus lupulus,HlFLS2, XP_062096069.1,Rso_2flg22,QRLSTGMRVNSAQDDAAAYASA,No perception,This study,0.45,0.203333333,11.94333333,15.78333333,0.653333333,27.72666667,0.8,0.87,0.75,0.86,0.82,0.87,0.46,0.22,11.35,14.23,0.42,0.16,13.07,17.81,0.47,0.23,11.41,15.31,,,
Humulus lupulus,HlFLS2, XP_062096069.1,Ddiflg22,ERLSSGLAINSAKDNAAGSGIV,No perception,This study,0.746666667,0.383333333,3.41,8.776666667,1.13,12.18666667,0.86,0.86,0.87,0.88,0.82,0.86,0.77,0.39,2.95,8.25,0.76,0.42,3.35,8.34,0.71,0.34,3.93,9.74,,,
Humulus lupulus,HlFLS2, XP_062096069.1,Eamflg22,ERLSSGSRITSSKEDAAGQAIS,No perception,This study,0.436666667,0.24,13.78,12.98666667,0.676666667,26.76666667,0.76,0.86,0.82,0.87,0.78,0.85,0.47,0.34,11.43,8.4,0.4,0.18,15.6,15.89,0.44,0.2,14.31,14.67,,,
Humulus lupulus,HlFLS2, XP_062096069.1,Pviflg22,SRLSSGLKVQNARDNVGVLSTI,No perception,This study,0.4,0.193333333,15.14333333,15.37333333,0.593333333,30.51666667,0.83,0.87,0.84,0.87,0.75,0.85,0.39,0.18,15.25,17.64,0.47,0.25,12.79,12.57,0.34,0.15,17.39,15.91,,,
Humulus lupulus,HlFLS2, XP_062096069.1,Xfrflg22,QQLSSGKRITSFSVDAAGGAIA,No perception,This study,0.316666667,0.16,16.78666667,16.16,0.476666667,32.94666667,0.79,0.86,0.69,0.83,0.71,0.84,0.45,0.25,12.51,12.54,0.28,0.13,18.16,17.07,0.22,0.1,19.69,18.87,,,
Humulus lupulus,HlFLS2, XP_062096069.1,Xorflg22,QQLSSGKRITSFAVDAAGGAIA,No perception,This study,0.48,0.303333333,11.11666667,10.62333333,0.783333333,21.74,0.77,0.86,0.83,0.87,0.84,0.87,0.27,0.13,19.46,16.74,0.6,0.39,6.42,7.37,0.57,0.39,7.47,7.76,,,
Malus domestica,MdFLS2,XP_008371582.2,Paeflg22,QRLSTGSRINSAKDDAAGLQIA,Perception,This study,0.89,0.666666667,1.52,2.143333333,1.556666667,3.663333333,0.9,0.89,0.9,0.9,0.9,0.89,0.88,0.65,1.61,2.22,0.9,0.67,1.32,2.13,0.89,0.68,1.63,2.08,,,
Malus domestica,MdFLS2,XP_008371582.2,Atuflg22,SRVSSGLRVKSASDNAAYWSIA,No perception,This study,0.663333333,0.26,5.103333333,14.58666667,0.923333333,19.69,0.56,0.82,0.45,0.78,0.79,0.87,0.68,0.28,4.85,13.29,0.64,0.1,5.8,20.07,0.67,0.4,4.66,10.4,,,
Malus domestica,MdFLS2,XP_008371582.2,Rrhflg22,QQVTSGFRVGSASDDPTYWSMA,No perception,This study,0.653333333,0.106666667,4.123333333,17.92,0.76,22.04333333,0.51,0.79,0.53,0.77,0.53,0.79,0.65,0.1,4.44,18.07,0.66,0.1,3.9,18.46,0.65,0.12,4.03,17.23,,,
Malus domestica,MdFLS2,XP_008371582.2,Rso_1flg22,QRLSTGLRVNSAQDDSAAYAAS,No perception,This study,0.796666667,0.466666667,2.403333333,8.086666667,1.263333333,10.49,0.86,0.88,0.8,0.87,0.74,0.86,0.79,0.51,2.12,5.91,0.82,0.48,2.46,8.57,0.78,0.41,2.63,9.78,,,
Malus domestica,MdFLS2,XP_008371582.2,Rso_2flg22,QRLSTGMRVNSAQDDAAAYASA,No perception,This study,0.803333333,0.36,2.326666667,10.49,1.163333333,12.81666667,0.81,0.87,0.64,0.78,0.79,0.87,0.8,0.49,2.06,7.87,0.81,0.13,2.76,14.97,0.8,0.46,2.16,8.63,,,
Malus domestica,MdFLS2,XP_008371582.2,Ddiflg22,ERLSSGLAINSAKDNAAGSGIV,No perception,This study,0.776666667,0.563333333,3.106666667,3.866666667,1.34,6.973333333,0.88,0.89,0.89,0.89,0.89,0.89,0.76,0.54,3.11,3.92,0.78,0.57,3.16,4.13,0.79,0.58,3.05,3.55,,,
Malus domestica,MdFLS2,XP_008371582.2,Eamflg22,ERLSSGSRITSSKEDAAGQAIS,No perception,This study,0.803333333,0.58,3.09,3.616666667,1.383333333,6.706666667,0.89,0.89,0.9,0.89,0.89,0.89,0.8,0.58,3.24,3.84,0.8,0.57,3.07,3.5,0.81,0.59,2.96,3.51,,,
Malus domestica,MdFLS2,XP_008371582.2,Pviflg22,SRLSSGLKVQNARDNVGVLSTI,No perception,This study,0.68,0.15,4.206666667,16.49,0.83,20.69666667,0.68,0.84,0.59,0.78,0.51,0.77,0.69,0.26,4.37,12.89,0.67,0.12,3.77,15.79,0.68,0.07,4.48,20.79,,,
Malus domestica,MdFLS2,XP_008371582.2,Xfrflg22,QQLSSGKRITSFSVDAAGGAIA,No perception,This study,0.41,0.066666667,13.94,24.11,0.476666667,38.05,0.41,0.77,0.39,0.78,0.31,0.76,0.4,0.08,15.56,22.19,0.39,0.06,13.1,26.19,0.44,0.06,13.16,23.95,,,
Malus domestica,MdFLS2,XP_008371582.2,Xorflg22,QQLSSGKRITSFAVDAAGGAIA,No perception,This study,0.366666667,0.066666667,15.03333333,25.08,0.433333333,40.11333333,0.59,0.82,0.32,0.78,0.37,0.78,0.37,0.09,13.18,24.65,0.33,0.06,16.96,24.35,0.4,0.05,14.96,26.24,,,
Glycine max,GmFLS2a,G.max Wm82.a2.v1|Glyma.08G083300.1.p,Paeflg22,QRLSTGSRINSAKDDAAGLQIA,Perception,"Wei et al., 2020",0.603333333,0.116666667,8.823333333,19.43,0.72,28.25333333,0.65,0.77,0.36,0.78,0.3,0.77,0.87,0.08,2.81,19.59,0.52,0.16,11.08,17.54,0.42,0.11,12.58,21.16,,,
Glycine max,GmFLS2a,G.max Wm82.a2.v1|Glyma.08G083300.1.p,Rso_1flg22,QRLSTGLRVNSAQDDSAAYAAS,Perception,"Wei et al., 2020",0.873333333,0.253333333,2.346666667,14.39333333,1.126666667,16.74,0.64,0.77,0.64,0.77,0.89,0.89,0.86,0.08,2.63,19.55,0.86,0.07,2.57,19.97,0.9,0.61,1.84,3.66,,,
Glycine max,GmFLS2b,G.max Wm82.a2.v1|Glyma.05G128200.1.p,Paeflg22,QRLSTGSRINSAKDDAAGLQIA,Perception,"Wei et al., 2020",0.496666667,0.216666667,10.32,13.05666667,0.713333333,23.37666667,0.34,0.77,0.82,0.87,0.86,0.88,0.5,0.12,12.11,19.32,0.49,0.24,11.19,11.3,0.5,0.29,7.66,8.55,,,
Glycine max,GmFLS2b,G.max Wm82.a2.v1|Glyma.05G128200.1.p,Rso_1flg22,QRLSTGLRVNSAQDDSAAYAAS,Perception,"Wei et al., 2020",0.85,0.26,2.323333333,14.82666667,1.11,17.15,0.63,0.77,0.65,0.77,0.89,0.88,0.85,0.13,2.44,23.8,0.85,0.1,1.95,16.87,0.85,0.55,2.58,3.81,,,
Vitis riparia,VrFLS2,PQ283348,Paeflg22,QRLSTGSRINSAKDDAAGLQIA,Perception,This study,0.716666667,0.516666667,5.03,4.933333333,1.233333333,9.963333333,0.83,0.87,0.9,0.9,0.89,0.9,0.47,0.26,10.21,9.75,0.85,0.66,2.35,2.36,0.83,0.63,2.53,2.69,,,
Vitis riparia,VrFLS2,PQ283348,Atuflg22,SRVSSGLRVKSASDNAAYWSIA,No perception,This study,0.816666667,0.593333333,2.806666667,3.466666667,1.41,6.273333333,0.9,0.9,0.89,0.89,0.89,0.89,0.82,0.6,2.87,3.4,0.83,0.61,2.48,2.96,0.8,0.57,3.07,4.04,,,
Vitis riparia,VrFLS2,PQ283348,Rrhflg22,QQVTSGFRVGSASDDPTYWSMA,No perception,This study,0.713333333,0.49,5.443333333,5.336666667,1.203333333,10.78,0.89,0.89,0.87,0.89,0.87,0.89,0.78,0.54,4.18,4.04,0.68,0.46,5.95,6.37,0.68,0.47,6.2,5.6,,,
Vitis riparia,VrFLS2,PQ283348,Rso_1flg22,QRLSTGLRVNSAQDDSAAYAAS,No perception,This study,0.76,0.53,3.78,5.063333333,1.29,8.843333333,0.88,0.89,0.89,0.89,0.88,0.89,0.77,0.53,3.6,4.78,0.76,0.53,3.77,5.11,0.75,0.53,3.97,5.3,,,
Vitis riparia,VrFLS2,PQ283348,Rso_2flg22,QRLSTGMRVNSAQDDAAAYASA,No perception,This study,0.8,0.573333333,3.18,4.3,1.373333333,7.48,0.87,0.89,0.89,0.89,0.88,0.89,0.79,0.56,3.39,5.14,0.8,0.58,3.13,3.85,0.81,0.58,3.02,3.91,,,
Vitis riparia,VrFLS2,PQ283348,Ddiflg22,ERLSSGLAINSAKDNAAGSGIV,Perception,This study,0.863333333,0.656666667,2.793333333,3.086666667,1.52,5.88,0.9,0.9,0.9,0.9,0.9,0.9,0.87,0.67,2.54,2.82,0.86,0.65,2.93,3.31,0.86,0.65,2.91,3.13,,,
Vitis riparia,VrFLS2,PQ283348,Eamflg22,ERLSSGSRITSSKEDAAGQAIS,Perception,This study,0.843333333,0.643333333,2.79,2.606666667,1.486666667,5.396666667,0.9,0.9,0.89,0.89,0.9,0.9,0.85,0.65,2.79,2.55,0.83,0.63,2.94,2.93,0.85,0.65,2.64,2.34,,,
Vitis riparia,VrFLS2,PQ283348,Pviflg22,SRLSSGLKVQNARDNVGVLSTI,No perception,This study,0.653333333,0.456666667,6.73,6.413333333,1.11,13.14333333,0.89,0.89,0.87,0.88,0.87,0.88,0.83,0.59,2.52,4.03,0.57,0.4,8.66,7.44,0.56,0.38,9.01,7.77,,,
Vitis riparia,VrFLS2,PQ283348,Xfrflg22,QQLSSGKRITSFSVDAAGGAIA,No perception,This study,0.586666667,0.346666667,8.47,10.32,0.933333333,18.79,0.87,0.89,0.88,0.89,0.79,0.86,0.64,0.41,6.79,7.24,0.68,0.45,6.06,5.8,0.44,0.18,12.56,17.92,,,
Vitis riparia,VrFLS2,PQ283348,Xorflg22,QQLSSGKRITSFAVDAAGGAIA,No perception,This study,0.413333333,0.173333333,13.77,17.57333333,0.586666667,31.34333333,0.75,0.85,0.83,0.88,0.8,0.86,0.51,0.16,10.45,19.67,0.35,0.21,16.73,15.69,0.38,0.15,14.13,17.36,,,
Fagus crenata,FcFLS2,BK068611,Paeflg22,QRLSTGSRINSAKDDAAGLQIA,Perception,This study,0.853333333,0.596666667,1.763333333,4.406666667,1.45,6.17,0.88,0.89,0.88,0.89,0.89,0.89,0.85,0.59,1.83,4.73,0.86,0.59,1.67,4.36,0.85,0.61,1.79,4.13,,,
Fagus crenata,FcFLS2,BK068611,Atuflg22,SRVSSGLRVKSASDNAAYWSIA,No perception,This study,0.673333333,0.41,5.113333333,8.933333333,1.083333333,14.04666667,0.74,0.86,0.89,0.89,0.88,0.89,0.6,0.29,6.1,14.63,0.76,0.55,3.49,3.52,0.66,0.39,5.75,8.65,,,
Fagus crenata,FcFLS2,BK068611,Rrhflg22,QQVTSGFRVGSASDDPTYWSMA,No perception,This study,0.813333333,0.493333333,2.06,5.746666667,1.306666667,7.806666667,0.84,0.88,0.85,0.88,0.85,0.88,0.81,0.5,1.99,6,0.81,0.49,1.8,4.84,0.82,0.49,2.39,6.4,,,
Fagus crenata,FcFLS2,BK068611,Rso_1flg22,QRLSTGLRVNSAQDDSAAYAAS,No perception,This study,0.813333333,0.373333333,1.863333333,11.61,1.186666667,13.47333333,0.87,0.88,0.86,0.88,0.65,0.77,0.83,0.5,1.69,5.16,0.82,0.5,1.86,5.78,0.79,0.12,2.04,23.89,,,
Fagus crenata,FcFLS2,BK068611,Rso_2flg22,QRLSTGMRVNSAQDDAAAYASA,No perception,This study,0.843333333,0.533333333,1.63,4.666666667,1.376666667,6.296666667,0.89,0.89,0.85,0.88,0.89,0.89,0.83,0.54,1.73,4.58,0.85,0.52,1.56,5.22,0.85,0.54,1.6,4.2,,,
Fagus crenata,FcFLS2,BK068611,Ddiflg22,ERLSSGLAINSAKDNAAGSGIV,No perception,This study,0.78,0.473333333,3.313333333,7.67,1.253333333,10.98333333,0.86,0.88,0.86,0.87,0.86,0.88,0.79,0.48,3.42,7.7,0.77,0.46,3.29,7.25,0.78,0.48,3.23,8.06,,,
Fagus crenata,FcFLS2,BK068611,Eamflg22,ERLSSGSRITSSKEDAAGQAIS,No perception,This study,0.716666667,0.453333333,4.953333333,7.62,1.17,12.57333333,0.86,0.89,0.87,0.89,0.88,0.9,0.61,0.39,7.55,8.55,0.77,0.47,3.77,7.29,0.77,0.5,3.54,7.02,,,
Fagus crenata,FcFLS2,BK068611,Pviflg22,SRLSSGLKVQNARDNVGVLSTI,No perception,This study,0.79,0.49,2.74,5.98,1.28,8.72,0.88,0.89,0.86,0.89,0.89,0.89,0.77,0.46,3.1,6.56,0.79,0.49,2.81,6.33,0.81,0.52,2.31,5.05,,,
Fagus crenata,FcFLS2,BK068611,Xfrflg22,QQLSSGKRITSFSVDAAGGAIA,No perception,This study,0.433333333,0.153333333,11.62,18.32,0.586666667,29.94,0.8,0.86,0.79,0.86,0.31,0.76,0.41,0.21,15.17,14.93,0.43,0.19,12.09,16.15,0.46,0.06,7.6,23.88,,,
Fagus crenata,FcFLS2,BK068611,Xorflg22,QQLSSGKRITSFAVDAAGGAIA,No perception,This study,0.373333333,0.146666667,13.46,19.95,0.52,33.41,0.75,0.86,0.77,0.86,0.8,0.87,0.37,0.12,12.65,21.74,0.36,0.14,14.77,19.41,0.39,0.18,12.96,18.7,,,
Solanum lycopersicum,SlFLS2,XP_004233092.1,Paeflg22,QRLSTGSRINSAKDDAAGLQIA,Perception,This study,0.93,0.663333333,1.41,2.546666667,1.593333333,3.956666667,0.9,0.9,0.86,0.89,0.89,0.89,0.93,0.72,1.28,1.45,0.93,0.58,1.5,4.26,0.93,0.69,1.45,1.93,,,
Solanum lycopersicum,SlFLS2,XP_004233092.1,Atuflg22,SRVSSGLRVKSASDNAAYWSIA,No perception,This study,0.8,0.58,2.866666667,3.09,1.38,5.956666667,0.88,0.89,0.88,0.89,0.88,0.89,0.8,0.58,3.21,3.39,0.79,0.57,2.65,3.04,0.81,0.59,2.74,2.84,,,
Solanum lycopersicum,SlFLS2,XP_004233092.1,Rrhflg22,QQVTSGFRVGSASDDPTYWSMA,No perception,This study,0.736666667,0.326666667,3.106666667,10.33333333,1.063333333,13.44,0.87,0.88,0.64,0.84,0.62,0.82,0.76,0.5,3.28,5.13,0.73,0.28,2.95,12.42,0.72,0.2,3.09,13.45,,,
Solanum lycopersicum,SlFLS2,XP_004233092.1,Rso_1flg22,QRLSTGLRVNSAQDDSAAYAAS,No perception,"Wei et al., 2018",0.873333333,0.44,2.133333333,9.55,1.313333333,11.68333333,0.67,0.81,0.84,0.88,0.8,0.87,0.87,0.29,2.08,14.09,0.89,0.57,2.06,6.29,0.86,0.46,2.26,8.27,,,
Solanum lycopersicum,SlFLS2,XP_004233092.1,Rso_2flg22,QRLSTGMRVNSAQDDAAAYASA,No perception,This study,0.856666667,0.426666667,2.136666667,10.51,1.283333333,12.64666667,0.6,0.76,0.87,0.89,0.88,0.88,0.77,0.07,3.05,24.15,0.89,0.59,1.7,3.88,0.91,0.62,1.66,3.5,,,
Solanum lycopersicum,SlFLS2,XP_004233092.1,Ddiflg22,ERLSSGLAINSAKDNAAGSGIV,Perception,This study,0.83,0.593333333,2.21,2.94,1.423333333,5.15,0.88,0.89,0.88,0.89,0.89,0.89,0.81,0.58,2.22,3.36,0.83,0.58,2.13,2.74,0.85,0.62,2.28,2.72,,,
Solanum lycopersicum,SlFLS2,XP_004233092.1,Eamflg22,ERLSSGSRITSSKEDAAGQAIS,Perception,This study,0.85,0.63,2.193333333,2.116666667,1.48,4.31,0.89,0.89,0.89,0.9,0.9,0.9,0.89,0.65,2.39,2.38,0.81,0.61,2.09,2,0.85,0.63,2.1,1.97,,,
Solanum lycopersicum,SlFLS2,XP_004233092.1,Pviflg22,SRLSSGLKVQNARDNVGVLSTI,No perception,This study,0.733333333,0.333333333,3.566666667,9.943333333,1.066666667,13.51,0.85,0.88,0.63,0.78,0.84,0.88,0.75,0.44,3.17,6.58,0.74,0.13,3.11,15.5,0.71,0.43,4.42,7.75,,,
Solanum lycopersicum,SlFLS2,XP_004233092.1,Xfrflg22,QQLSSGKRITSFSVDAAGGAIA,No perception,This study,0.34,0.093333333,15.47333333,21.33333333,0.433333333,36.80666667,0.68,0.83,0.71,0.84,0.56,0.81,0.36,0.09,14.32,21.16,0.35,0.11,15.24,20.17,0.31,0.08,16.86,22.67,,,
Solanum lycopersicum,SlFLS2,XP_004233092.1,Xorflg22,QQLSSGKRITSFAVDAAGGAIA,No perception,This study,0.37,0.09,14.50333333,23.40333333,0.46,37.90666667,0.7,0.84,0.33,0.76,0.59,0.82,0.37,0.12,14.59,20.1,0.36,0.05,15.11,26.7,0.38,0.1,13.81,23.41,,,
Camellia sinensis,camellia_sinensis,ON556651.1,Paeflg22,QRLSTGSRINSAKDDAAGLQIA,Perception,"Wu et al., 2022",0.833333333,0.49,1.603333333,5.103333333,1.323333333,6.706666667,0.84,0.88,0.88,0.88,0.89,0.89,0.84,0.45,1.5,5.49,0.8,0.48,1.96,5.51,0.86,0.54,1.35,4.31,,,
Camellia sinensis,camellia_sinensis,ON556651.1,Wu_Atuflg22,DRISSGLKVGSASDNAAYWSIA,No perception,"Wu et al., 2022",0.763333333,0.58,3.176666667,3.116666667,1.343333333,6.293333333,0.9,0.91,0.9,0.9,0.9,0.9,0.76,0.58,3.68,3.4,0.74,0.56,2.9,3.02,0.79,0.6,2.95,2.93,,,
Fragaria x ananassa,fragaria_x_ananassa,ON556658.1,Paeflg22,QRLSTGSRINSAKDDAAGLQIA,Perception,"Wu et al., 2022",0.886666667,0.666666667,1.943333333,2.123333333,1.553333333,4.066666667,0.92,0.9,0.91,0.89,0.91,0.9,0.87,0.66,2.28,2.27,0.9,0.67,1.82,2.17,0.89,0.67,1.73,1.93,,,
Fragaria x ananassa,fragaria_x_ananassa,ON556658.1,Wu_Atuflg22,DRISSGLKVGSASDNAAYWSIA,No perception,"Wu et al., 2022",0.49,0.283333333,10.61,11.08666667,0.773333333,21.69666667,0.87,0.88,0.78,0.86,0.85,0.88,0.52,0.33,9.95,9.54,0.48,0.25,11.09,12.46,0.47,0.27,10.79,11.26,,,
Malus domestica,malus_domestica,UTN00798.1,Wu_Atuflg22,DRISSGLKVGSASDNAAYWSIA,No perception,"Wu et al., 2022",0.62,0.216666667,5.76,16.82,0.836666667,22.58,0.72,0.85,0.42,0.78,0.55,0.8,0.64,0.34,5.09,12.19,0.53,0.12,8.14,20.86,0.69,0.19,4.05,17.41,,,
Malus halliana,malus_halliana,ON556660.1,Paeflg22,QRLSTGSRINSAKDDAAGLQIA,Perception,"Wu et al., 2022",0.89,0.673333333,1.453333333,1.916666667,1.563333333,3.37,0.9,0.89,0.9,0.89,0.9,0.89,0.89,0.68,1.37,1.84,0.89,0.67,1.53,2.03,0.89,0.67,1.46,1.88,,,
Malus halliana,malus_halliana,ON556660.1,Wu_Atuflg22,DRISSGLKVGSASDNAAYWSIA,No perception,"Wu et al., 2022",0.64,0.313333333,4.933333333,13.61,0.953333333,18.54333333,0.44,0.77,0.82,0.87,0.83,0.87,0.59,0.08,5.94,22.77,0.68,0.44,4.5,9.39,0.65,0.42,4.36,8.67,,,
Phaseolus vulgaris,phaseolus_vulgaris,ON556666.1,Paeflg22,QRLSTGSRINSAKDDAAGLQIA,Perception,"Wu et al., 2022",0.85,0.64,2.766666667,2.943333333,1.49,5.71,0.91,0.89,0.9,0.89,0.91,0.89,0.86,0.65,2.64,2.97,0.86,0.64,2.75,2.98,0.83,0.63,2.91,2.88,,,
Phaseolus vulgaris,phaseolus_vulgaris,ON556666.1,Wu_Atuflg22,DRISSGLKVGSASDNAAYWSIA,No perception,"Wu et al., 2022",0.516666667,0.33,10.68,9.523333333,0.846666667,20.20333333,0.88,0.87,0.87,0.88,0.86,0.87,0.6,0.47,7.05,6.58,0.51,0.29,10.4,10.02,0.44,0.23,14.59,11.97,,,
Populus davidiana,populus_davidiana,ON556655.1,Paeflg22,QRLSTGSRINSAKDDAAGLQIA,Perception,"Wu et al., 2022",0.74,0.14,2.823333333,15.19,0.88,18.01333333,0.59,0.77,0.62,0.76,0.62,0.8,0.74,0.11,3.28,16.61,0.74,0.11,2.45,16.22,0.74,0.2,2.74,12.74,,,
Populus davidiana,populus_davidiana,ON556655.1,Wu_Atuflg22,DRISSGLKVGSASDNAAYWSIA,No perception,"Wu et al., 2022",0.516666667,0.196666667,11.31333333,18.10666667,0.713333333,29.42,0.39,0.78,0.37,0.77,0.68,0.85,0.38,0.08,15.28,21.65,0.34,0.07,16.4,22.49,0.83,0.44,2.26,10.18,,,
Populus deltoides,populus_deltoides,ON556654.1,Paeflg22,QRLSTGSRINSAKDDAAGLQIA,Perception,"Wu et al., 2022",0.836666667,0.09,2.216666667,20.39,0.926666667,22.60666667,0.66,0.76,0.67,0.77,0.64,0.76,0.84,0.09,2.23,18.83,0.84,0.12,1.96,17.57,0.83,0.06,2.46,24.77,,,
Populus deltoides,populus_deltoides,ON556654.1,Wu_Atuflg22,DRISSGLKVGSASDNAAYWSIA,No perception,"Wu et al., 2022",0.46,0.09,11.43,23.00666667,0.55,34.43666667,0.23,0.75,0.5,0.8,0.56,0.81,0.34,0.03,16.7,30.17,0.42,0.09,12.74,24.73,0.62,0.15,4.85,14.12,,,
Populus trichocarpa,populus_trichocarpa,ON556653.1,Paeflg22,QRLSTGSRINSAKDDAAGLQIA,Perception,"Wu et al., 2022",0.823333333,0.11,2.036666667,17.07,0.933333333,19.10666667,0.67,0.77,0.66,0.76,0.66,0.77,0.82,0.11,2.15,17.15,0.83,0.09,1.92,18.39,0.82,0.13,2.04,15.67,,,
Populus trichocarpa,populus_trichocarpa,ON556653.1,Wu_Atuflg22,DRISSGLKVGSASDNAAYWSIA,No perception,"Wu et al., 2022",0.536666667,0.063333333,8.34,23.24333333,0.6,31.58333333,0.44,0.76,0.35,0.77,0.48,0.74,0.57,0.06,5.32,22.27,0.38,0.08,15.31,22.36,0.66,0.05,4.39,25.1,,,
Prunus mume,prunus_mume,ON556662.1,Paeflg22,QRLSTGSRINSAKDDAAGLQIA,Perception,"Wu et al., 2022",0.82,0.54,1.83,4.213333333,1.36,6.043333333,0.9,0.9,0.88,0.88,0.88,0.88,0.84,0.63,1.66,2.69,0.83,0.53,2.48,5.51,0.79,0.46,1.35,4.44,,,
Prunus mume,prunus_mume,ON556662.1,Wu_Atuflg22,DRISSGLKVGSASDNAAYWSIA,No perception,"Wu et al., 2022",0.736666667,0.523333333,4.083333333,4.416666667,1.26,8.5,0.89,0.89,0.89,0.89,0.87,0.89,0.73,0.53,3.56,3.93,0.83,0.58,2.77,3.76,0.65,0.46,5.92,5.56,,,
Prunus persica,prunus_persica,ON556661.1,Paeflg22,QRLSTGSRINSAKDDAAGLQIA,Perception,"Wu et al., 2022",0.853333333,0.653333333,1.686666667,2.193333333,1.506666667,3.88,0.9,0.9,0.9,0.9,0.9,0.89,0.85,0.65,1.41,1.95,0.87,0.67,1.75,2.12,0.84,0.64,1.9,2.51,,,
Prunus persica,prunus_persica,ON556661.1,Wu_Atuflg22,DRISSGLKVGSASDNAAYWSIA,No perception,"Wu et al., 2022",0.71,0.49,4.033333333,5.66,1.2,9.693333333,0.87,0.89,0.86,0.88,0.86,0.88,0.71,0.49,4.02,5.47,0.71,0.49,4.28,6.14,0.71,0.49,3.8,5.37,,,
Prunus yedoensis,prunus_yedoensis,ON556663.1,Paeflg22,QRLSTGSRINSAKDDAAGLQIA,Perception,"Wu et al., 2022",0.803333333,0.436666667,1.923333333,5.876666667,1.24,7.8,0.86,0.88,0.9,0.89,0.72,0.84,0.79,0.42,1.66,5.23,0.84,0.6,2.07,3.52,0.78,0.29,2.04,8.88,,,
Prunus yedoensis,prunus_yedoensis,ON556663.1,Wu_Atuflg22,DRISSGLKVGSASDNAAYWSIA,No perception,"Wu et al., 2022",0.676666667,0.453333333,5.963333333,5.93,1.13,11.89333333,0.88,0.89,0.89,0.89,0.89,0.89,0.62,0.41,7,7,0.66,0.46,6.37,5.35,0.75,0.49,4.52,5.44,,,
Rosa chinensis,rosa_chinensis,ON556657.1,Paeflg22,QRLSTGSRINSAKDDAAGLQIA,Perception,"Wu et al., 2022",0.783333333,0.343333333,3.056666667,11.34666667,1.126666667,14.40333333,0.91,0.89,0.57,0.76,0.63,0.82,0.87,0.66,2.24,2.21,0.75,0.09,3.52,19.47,0.73,0.28,3.41,12.36,,,
Rosa chinensis,rosa_chinensis,ON556657.1,Wu_Atuflg22,DRISSGLKVGSASDNAAYWSIA,No perception,"Wu et al., 2022",0.626666667,0.25,5.516666667,13.11666667,0.876666667,18.63333333,0.88,0.88,0.7,0.84,0.44,0.78,0.6,0.38,6.1,8.85,0.66,0.28,4.79,12.08,0.62,0.09,5.66,18.42,,,
Salix suchowensis,salix_suchowensis,ON556656.1,Paeflg22,QRLSTGSRINSAKDDAAGLQIA,Perception,"Wu et al., 2022",0.59,0.076666667,8.126666667,23.65333333,0.666666667,31.78,0.47,0.8,0.32,0.76,0.49,0.75,0.52,0.13,10.77,19.33,0.62,0.06,8.98,24.11,0.63,0.04,4.63,27.52,,,
Salix suchowensis,salix_suchowensis,ON556656.1,Wu_Atuflg22,DRISSGLKVGSASDNAAYWSIA,No perception,"Wu et al., 2022",0.553333333,0.08,7.3,21.61333333,0.633333333,28.91333333,0.31,0.76,0.44,0.75,0.51,0.79,0.41,0.05,12.22,24.25,0.57,0.06,5.51,24.46,0.68,0.13,4.17,16.13,,,
Trachelospermum jasminoides,TjFLS2,UTN00804.1,Wu_Atuflg22,DRISSGLKVGSASDNAAYWSIA,No perception,"Wu et al., 2022",0.633333333,0.43,7.416666667,6.596666667,1.063333333,14.01333333,0.85,0.88,0.89,0.89,0.85,0.88,0.58,0.37,9.85,8.22,0.77,0.58,2.36,2.39,0.55,0.34,10.04,9.18,,,
Zanthoxylum bungeanum,zanthoxylum_bungeanum,ON556664.1,Paeflg22,QRLSTGSRINSAKDDAAGLQIA,Perception,"Wu et al., 2022",0.843333333,0.6,1.336666667,2.733333333,1.443333333,4.07,0.86,0.86,0.92,0.9,0.91,0.9,0.8,0.42,1.41,5.01,0.87,0.7,1.26,1.52,0.86,0.68,1.34,1.67,,,
Zanthoxylum bungeanum,zanthoxylum_bungeanum,ON556664.1,Wu_Atuflg22,DRISSGLKVGSASDNAAYWSIA,No perception,"Wu et al., 2022",0.82,0.53,2.343333333,4.43,1.35,6.773333333,0.9,0.89,0.89,0.88,0.9,0.89,0.83,0.55,2.14,4.96,0.86,0.48,1.66,4.64,0.77,0.56,3.23,3.69,,,
